{
  "qwerty": {
    "counts": {
      "j": {
        "j": 1
      },
      "u": {
        "u": 6,
        "h": 1,
        "o": 1
      },
      "s": {
        "s": 12,
        "S": 1,
        "x": 1
      },
      "t": {
        "t": 18
      },
      "h": {
        "h": 10,
        "\u03b5": 1
      },
      "e": {
        "e": 20,
        "\u03b5": 1,
        "d": 1,
        "s": 1
      },
      "r": {
        "r": 9
      },
      "n": {
        "n": 11,
        "N": 1
      },
      "w": {
        "w": 9
      },
      "i": {
        "i": 12
      },
      "c": {
        "c": 2
      },
      "\u03c6": {
        "h": 2,
        "S": 2,
        "L": 1
      },
      "a": {
        "\u03b5": 1,
        "a": 9
      },
      "b": {
        "b": 4
      },
      "o": {
        "o": 15,
        "p": 2,
        "u": 1
      },
      "m": {
        "m": 4
      },
      "g": {
        "g": 2
      },
      "y": {
        "y": 4
      },
      "l": {
        "l": 6
      },
      "k": {
        "\u03b5": 1,
        "k": 2
      },
      "d": {
        "d": 2
      },
      "v": {
        "v": 1
      },
      "f": {
        "f": 1
      },
      "ou": {
        "uo": 1
      },
      "ll": {
        "ll": 1
      }
    },
    "probabilities": {
      "j": {
        "j": 1.0
      },
      "u": {
        "u": 0.75,
        "h": 0.125,
        "o": 0.125
      },
      "s": {
        "s": 0.8571428571428571,
        "S": 0.07142857142857142,
        "x": 0.07142857142857142
      },
      "t": {
        "t": 1.0
      },
      "h": {
        "h": 0.9090909090909091,
        "\u03b5": 0.09090909090909091
      },
      "e": {
        "e": 0.8695652173913043,
        "\u03b5": 0.043478260869565216,
        "d": 0.043478260869565216,
        "s": 0.043478260869565216
      },
      "r": {
        "r": 1.0
      },
      "n": {
        "n": 0.9166666666666666,
        "N": 0.08333333333333333
      },
      "w": {
        "w": 1.0
      },
      "i": {
        "i": 1.0
      },
      "c": {
        "c": 1.0
      },
      "\u03c6": {
        "h": 0.4,
        "S": 0.4,
        "L": 0.2
      },
      "a": {
        "\u03b5": 0.1,
        "a": 0.9
      },
      "b": {
        "b": 1.0
      },
      "o": {
        "o": 0.8333333333333334,
        "p": 0.1111111111111111,
        "u": 0.05555555555555555
      },
      "m": {
        "m": 1.0
      },
      "g": {
        "g": 1.0
      },
      "y": {
        "y": 1.0
      },
      "l": {
        "l": 1.0
      },
      "k": {
        "\u03b5": 0.3333333333333333,
        "k": 0.6666666666666666
      },
      "d": {
        "d": 1.0
      },
      "v": {
        "v": 1.0
      },
      "f": {
        "f": 1.0
      },
      "ou": {
        "uo": 1.0
      },
      "ll": {
        "ll": 1.0
      }
    },
    "vocabulary": [
      "p",
      "i",
      "N",
      "a",
      "u",
      "g",
      "v",
      "l",
      "w",
      "e",
      "m",
      "h",
      "k",
      "b",
      "d",
      "x",
      "L",
      "t",
      "n",
      "y",
      "s",
      "r",
      "o",
      "S",
      "j",
      "f",
      "c"
    ],
    "total_pairs": 181,
    "stats": {
      "substitutions": 10,
      "deletions": 4,
      "insertions": 5,
      "transpositions": 2,
      "correct": 160,
      "total": 181
    }
  },
  "abc": {
    "counts": {
      "j": {
        "j": 1
      },
      "u": {
        "u": 6,
        "h": 1,
        "o": 1
      },
      "s": {
        "s": 12,
        "S": 1,
        "x": 1
      },
      "t": {
        "t": 18
      },
      "h": {
        "h": 10,
        "\u03b5": 1
      },
      "e": {
        "e": 20,
        "\u03b5": 1,
        "d": 1,
        "s": 1
      },
      "r": {
        "r": 9
      },
      "n": {
        "n": 11,
        "N": 1
      },
      "w": {
        "w": 9
      },
      "i": {
        "i": 12
      },
      "c": {
        "c": 2
      },
      "\u03c6": {
        "h": 2,
        "S": 2,
        "L": 1
      },
      "a": {
        "\u03b5": 1,
        "a": 9
      },
      "b": {
        "b": 4
      },
      "o": {
        "o": 15,
        "p": 2,
        "u": 1
      },
      "m": {
        "m": 4
      },
      "g": {
        "g": 2
      },
      "y": {
        "y": 4
      },
      "l": {
        "l": 6
      },
      "k": {
        "\u03b5": 1,
        "k": 2
      },
      "d": {
        "d": 2
      },
      "v": {
        "v": 1
      },
      "f": {
        "f": 1
      },
      "ou": {
        "uo": 1
      },
      "ll": {
        "ll": 1
      }
    },
    "probabilities": {
      "j": {
        "j": 1.0
      },
      "u": {
        "u": 0.75,
        "h": 0.125,
        "o": 0.125
      },
      "s": {
        "s": 0.8571428571428571,
        "S": 0.07142857142857142,
        "x": 0.07142857142857142
      },
      "t": {
        "t": 1.0
      },
      "h": {
        "h": 0.9090909090909091,
        "\u03b5": 0.09090909090909091
      },
      "e": {
        "e": 0.8695652173913043,
        "\u03b5": 0.043478260869565216,
        "d": 0.043478260869565216,
        "s": 0.043478260869565216
      },
      "r": {
        "r": 1.0
      },
      "n": {
        "n": 0.9166666666666666,
        "N": 0.08333333333333333
      },
      "w": {
        "w": 1.0
      },
      "i": {
        "i": 1.0
      },
      "c": {
        "c": 1.0
      },
      "\u03c6": {
        "h": 0.4,
        "S": 0.4,
        "L": 0.2
      },
      "a": {
        "\u03b5": 0.1,
        "a": 0.9
      },
      "b": {
        "b": 1.0
      },
      "o": {
        "o": 0.8333333333333334,
        "p": 0.1111111111111111,
        "u": 0.05555555555555555
      },
      "m": {
        "m": 1.0
      },
      "g": {
        "g": 1.0
      },
      "y": {
        "y": 1.0
      },
      "l": {
        "l": 1.0
      },
      "k": {
        "\u03b5": 0.3333333333333333,
        "k": 0.6666666666666666
      },
      "d": {
        "d": 1.0
      },
      "v": {
        "v": 1.0
      },
      "f": {
        "f": 1.0
      },
      "ou": {
        "uo": 1.0
      },
      "ll": {
        "ll": 1.0
      }
    },
    "vocabulary": [
      "p",
      "i",
      "N",
      "a",
      "u",
      "g",
      "v",
      "l",
      "w",
      "e",
      "m",
      "h",
      "k",
      "b",
      "d",
      "x",
      "L",
      "t",
      "n",
      "y",
      "s",
      "r",
      "o",
      "S",
      "j",
      "f",
      "c"
    ],
    "total_pairs": 181,
    "stats": {
      "substitutions": 10,
      "deletions": 4,
      "insertions": 5,
      "transpositions": 2,
      "correct": 160,
      "total": 181
    }
  },
  "frequency": {
    "counts": {
      "j": {
        "j": 1
      },
      "u": {
        "u": 6,
        "h": 1,
        "o": 1
      },
      "s": {
        "s": 12,
        "S": 1,
        "x": 1
      },
      "t": {
        "t": 18
      },
      "h": {
        "h": 10,
        "\u03b5": 1
      },
      "e": {
        "e": 20,
        "\u03b5": 1,
        "d": 1,
        "s": 1
      },
      "r": {
        "r": 9
      },
      "n": {
        "n": 11,
        "N": 1
      },
      "w": {
        "w": 9
      },
      "i": {
        "i": 12
      },
      "c": {
        "c": 2
      },
      "\u03c6": {
        "h": 2,
        "S": 2,
        "L": 1
      },
      "a": {
        "\u03b5": 1,
        "a": 9
      },
      "b": {
        "b": 4
      },
      "o": {
        "o": 15,
        "p": 2,
        "u": 1
      },
      "m": {
        "m": 4
      },
      "g": {
        "g": 2
      },
      "y": {
        "y": 4
      },
      "l": {
        "l": 6
      },
      "k": {
        "\u03b5": 1,
        "k": 2
      },
      "d": {
        "d": 2
      },
      "v": {
        "v": 1
      },
      "f": {
        "f": 1
      },
      "ou": {
        "uo": 1
      },
      "ll": {
        "ll": 1
      }
    },
    "probabilities": {
      "j": {
        "j": 1.0
      },
      "u": {
        "u": 0.75,
        "h": 0.125,
        "o": 0.125
      },