{
  "qwerty": {
    "counts": {
      "g": {
        "g": 3
      },
      "i": {
        "i": 17,
        "e": 1
      },
      "v": {
        "v": 7
      },
      "e": {
        "e": 28,
        "\u03b5": 4,
        "s": 1,
        "E": 2,
        "l": 1,
        "t": 1,
        "i": 1
      },
      "y": {
        "y": 8,
        "o": 1,
        "Y": 1
      },
      "a": {
        "a": 17
      },
      "r": {
        "r": 13
      },
      "n": {
        "n": 24,
        "e": 1,
        "N": 1,
        "\u03b5": 1
      },
      "ev": {
        "ve": 2
      },
      "d": {
        "d": 8
      },
      "o": {
        "o": 33,
        "n": 1,
        "d": 1,
        "i": 2,
        "\u03b5": 1,
        "a": 1
      },
      "\u03c6": {
        "O": 1,
        "e": 1,
        "u": 1,
        "W": 1,
        "K": 1,
        "d": 1,
        "t": 1,
        "m": 1
      },
      "t": {
        "t": 34,
        "u": 1,
        "\u03b5": 2
      },
      "m": {
        "i": 1,
        "m": 8,
        "n": 1
      },
      "u": {
        "u": 16,
        "y": 1
      },
      "p": {
        "p": 3
      },
      "c": {
        "c": 4
      },
      "l": {
        "l": 5
      },
      "s": {
        "s": 10,
        "\u03b5": 1,
        "i": 1
      },
      "h": {
        "h": 26,
        "r": 1,
        "y": 1,
        "i": 1
      },
      "b": {
        "b": 4
      },
      "w": {
        "w": 16,
        "s": 1
      },
      "f": {
        "f": 4
      },
      "k": {
        "k": 7
      },
      "j": {
        "j": 1
      },
      "oo": {
        "oo": 1
      },
      "ll": {
        "ll": 1
      },
      "ei": {
        "ie": 1
      }
    },
    "probabilities": {
      "g": {
        "g": 1.0
      },
      "i": {
        "i": 0.9444444444444444,
        "e": 0.05555555555555555,
        "a": 0.0,
        "o": 0.0,
        "u": 0.0,
        "t": 0.0,
        "n": 0.0,
        "s": 0.0,
        "r": 0.0,
        "h": 0.0
      },
      "v": {
        "v": 1.0
      },
      "e": {
        "e": 0.7368421052631579,
        "\u03b5": 0.10526315789473684,
        "s": 0.02631578947368421,
        "E": 0.05263157894736842,
        "l": 0.02631578947368421,
        "t": 0.02631578947368421,
        "i": 0.02631578947368421,
        "a": 0.0,
        "o": 0.0,
        "u": 0.0,
        "n": 0.0,
        "r": 0.0,
        "h": 0.0
      },
      "y": {
        "y": 0.8,
        "o": 0.1,
        "Y": 0.1
      },
      "a": {
        "a": 1.0,
        "e": 0.0,
        "i": 0.0,
        "o": 0.0,
        "u": 0.0,
        "t": 0.0,
        "n": 0.0,
        "s": 0.0,
        "r": 0.0,
        "h": 0.0
      },
      "r": {
        "r": 1.0,
        "a": 0.0,
        "e": 0.0,
        "i": 0.0,
        "o": 0.0,
        "u": 0.0,
        "t": 0.0,
        "n": 0.0,
        "s": 0.0,
        "h": 0.0
      },
      "n": {
        "n": 0.8888888888888888,
        "e": 0.037037037037037035,
        "N": 0.037037037037037035,
        "\u03b5": 0.037037037037037035,
        "a": 0.0,
        "i": 0.0,
        "o": 0.0,
        "u": 0.0,
        "t": 0.0,
        "s": 0.0,
        "r": 0.0,
        "h": 0.0
      },
      "ev": {
        "ve": 1.0
      },
      "d": {
        "d": 1.0
      },
      "o": {
        "o": 0.8461538461538461,
        "n": 0.02564102564102564,
        "d": 0.02564102564102564,
        "i": 0.05128205128205128,
        "\u03b5": 0.02564102564102564,
        "a": 0.02564102564102564,
        "e": 0.0,
        "u": 0.0,
        "t": 0.0,
        "s": 0.0,
        "r": 0.0,
        "h": 0.0
      },
      "\u03c6": {
        "O": 0.125,
        "e": 0.125,
        "u": 0.125,
        "W": 0.125,
        "K": 0.125,
        "d": 0.125,
        "t": 0.125,
        "m": 0.125
      },
      "t": {
        "t": 0.918918918918919,
        "u": 0.02702702702702703,
        "\u03b5": 0.05405405405405406,
        "a": 0.0,
        "e": 0.0,
        "i": 0.0,
        "o": 0.0,
        "n": 0.0,
        "s": 0.0,
        "r": 0.0,
        "h": 0.0
      },
      "m": {
        "i": 0.1,
        "m": 0.8,
        "n": 0.1
      },
      "u": {
        "u": 0.9411764705882353,
        "y": 0.058823529411764705,
        "a": 0.0,
        "e": 0.0,
        "i": 0.0,
        "o": 0.0,
        "t": 0.0,
        "n": 0.0,
        "s": 0.0,
        "r": 0.0,
        "h": 0.0
      },
      "p": {
        "p": 1.0
      },
      "c": {
        "c": 1.0
      },
      "l": {
        "l": 1.0
      },
      "s": {
        "s": 0.8333333333333334,
        "\u03b5": 0.08333333333333333,
        "i": 0.08333333333333333,
        "a": 0.0,
        "e": 0.0,
        "o": 0.0,
        "u": 0.0,
        "t": 0.0,
        "n": 0.0,
        "r": 0.0,
        "h": 0.0
      },
      "h": {
        "h": 0.896551724137931,
        "r": 0.034482758620689655,
        "y": 0.034482758620689655,
        "i": 0.034482758620689655,
        "a": 0.0,
        "e": 0.0,
        "o": 0.0,
        "u": 0.0,
        "t": 0.0,
        "n": 0.0,
        "s": 0.0
      },
      "b": {
        "b": 1.0
      },
      "w": {
        "w": 0.9411764705882353,
        "s": 0.058823529411764705
      },
      "f": {
        "f": 1.0
      },
      "k": {
        "k": 1.0
      },
      "j": {
        "j": 1.0
      },
      "oo": {
        "oo": 1.0
      },
      "ll": {
        "ll": 1.0
      },
      "ei": {
        "ie": 1.0
      }
    },
    "vocabulary": [
      "Y",
      "d",
      "E",
      "k",
      "o",
      "h",
      "r",
      "m",
      "g",
      "i",
      "s",
      "O",
      "v",
      "t",
      "e",
      "f",
      "j",
      "y",
      "K",
      "l",
      "c",
      "u",
      "W",
      "N",
      "w",
      "b",
      "n",
      "p",
      "a"
    ],
    "total_pairs": 343,
    "stats": {
      "substitutions": 25,
      "deletions": 9,
      "insertions": 8,
      "transpositions": 5,
      "correct": 296,
      "total": 343
    }
  },
  "abc": {
    "counts": {
      "g": {
        "g": 3
      },
      "i": {
        "i": 17,
        "e": 1
      },
      "v": {
        "v": 7
      },
      "e": {
        "e": 28,
        "\u03b5": 4,
        "s": 1,
        "E": 2,
        "l": 1,
        "t": 1,
        "i": 1
      },
      "y": {
        "y": 8,
        "o": 1,
        "Y": 1
      },
      "a": {
        "a": 17
      },
      "r": {
        "r": 13
      },
      "n": {
        "n": 24,
        "e": 1,
        "N": 1,
        "\u03b5": 1
      },
      "ev": {
        "ve": 2
      },
      "d": {
        "d": 8
      },
      "o": {
        "o": 33,
        "n": 1,
        "d": 1,
        "i": 2,
        "\u03b5": 1,
        "a": 1
      },
      "\u03c6": {
        "O": 1,
        "e": 1,
        "u": 1,
        "W": 1,
        "K": 1,
        "d": 1,
        "t": 1,
        "m": 1
      },
      "t": {
        "t": 34,
        "u": 1,
        "\u03b5": 2
      },
      "m": {
        "i": 1,
        "m": 8,
        "n": 1
      },
      "u": {
        "u": 16,
        "y": 1
      },
      "p": {
        "p": 3
      },
      "c": {
        "c": 4
      },
      "l": {
        "l": 5
      },
      "s": {
        "s": 10,
        "\u03b5": 1,
        "i": 1
      },
      "h": {
        "h": 26,
        "r": 1,
        "y": 1,
        "i": 1
      },
      "b": {
        "b": 4
      },
      "w": {
        "w": 16,
        "s": 1
      },
      "f": {
        "f": 4
      },
      "k": {
        "k": 7
      },
      "j": {
        "j": 1
      },
      "oo": {
        "oo": 1
      },
      "ll": {
        "ll": 1
      },
      "ei": {
        "ie": 1
      }
    },
    "probabilities": {
      "g": {
        "g": 1.0
      },
      "i": {
        "i": 0.9444444444444444,
        "e": 0.05555555555555555,
        "a": 0.0,
        "o": 0.0,
        "u": 0.0,
        "t": 0.0,
        "n": 0.0,
        "s": 0.0,
        "r": 0.0,
        "h": 0.0
      },
      "v": {
        "v": 1.0
      },